cluster_total,percent_scooters,battery_average
1333,5.19303,2.52138
1153,4.4918,2.48742
0,0,nan
988,3.849,2.49393
1366,5.32159,2.41581
1334,5.19693,2.52999
1219,4.74892,2.52994
1603,6.24489,2.48534
2204,8.58623,2.52768
1557,6.06568,2.53308
1459,5.6839,2.42358
1312,5.11122,2.45732
1540,5.99945,2.53182
1218,4.74502,2.51067
1115,4.34376,2.53453
1517,5.90985,2.50758
1491,5.80856,2.444
1366,5.32159,2.53075
913,3.55682,2.49179
